timestamp,ret,equity,drawdown,benchmark_equity,active_ret
2017-10-10 16:00:00,0.0,1000000.0,0.0,1000000.0,0.0
2017-10-11 16:00:00,0.0,1000000.0,0.0,993591.1038563559,0.006408896143644149
2017-10-12 16:00:00,0.0,1000000.0,0.0,1037373.8067988452,-0.04406511166671945
2017-10-13 16:00:00,0.0,1000000.0,0.0,1067834.2333759335,-0.029363018785951177
2017-10-14 16:00:00,0.0,1000000.0,0.0,1059813.5723876902,0.0075111480204993475
2017-10-15 16:00:00,0.0,1000000.0,0.0,1061613.0141631644,-0.0016978851963746155
2017-10-16 16:00:00,0.0,1000000.0,0.0,1044399.2814471023,0.016214696397284567
2017-10-17 16:00:00,0.0,1000000.0,0.0,1015534.1999938848,0.027637975213102916
2017-10-18 16:00:00,0.0,1000000.0,0.0,1038982.7692378715,-0.023089886331871413
2017-10-19 16:00:00,0.0,1000000.0,0.0,1056073.67453643,-0.016449652298945683
2017-10-20 16:00:00,0.0,1000000.0,0.0,1041149.1685514305,0.014132068950161924
2017-10-21 16:00:00,0.0,1000000.0,0.0,1045280.954839759,-0.003968486373645263
2017-10-22 16:00:00,0.0,1000000.0,0.0,1018946.8627911916,0.02519331470322681
2017-10-23 16:00:00,0.0,1000000.0,0.0,1037280.0502809713,-0.017992290039109626
2017-10-24 16:00:00,0.0,1000000.0,0.0,1019187.7174464392,0.017442090812053612
2017-10-25 16:00:00,0.0,1000000.0,0.0,1044500.7719110138,-0.02483649874430984
2017-10-26 16:00:00,0.0,1000000.0,0.0,1035546.4069871032,0.008572865779244676
2017-10-27 16:00:00,0.0,1000000.0,0.0,1028428.9503060826,0.006873141206417355
2017-10-28 16:00:00,0.0,1000000.0,0.0,1049974.672928702,-0.0209501323511041
2017-10-29 16:00:00,0.0,1000000.0,0.0,1053849.2228997042,-0.003690136601290428
2017-10-30 16:00:00,0.0,1000000.0,0.0,1065497.7564947065,-0.011053320856422655
2017-10-31 16:00:00,0.0,1000000.0,0.0,1067927.2077354484,-0.0022801092033589267
2017-11-01 16:00:00,0.0,1000000.0,0.0,1072879.4275975984,-0.004637226045257426
2017-11-02 16:00:00,0.0,1000000.0,0.0,1092845.806501336,-0.0186100864553314
2017-11-03 16:00:00,0.0,1000000.0,0.0,1094345.9521813607,-0.0013726965607593789
2017-11-04 16:00:00,0.0,1000000.0,0.0,1093350.3464452093,0.00090977239342529
2017-11-05 16:00:00,0.0,1000000.0,0.0,1095705.931251801,-0.0021544647735744606
2017-11-06 16:00:00,0.0,1000000.0,0.0,1079901.342402022,0.014424115448314678
2017-11-07 16:00:00,0.0,1000000.0,0.0,1101386.1157346424,-0.019895126053674207
2017-11-08 16:00:00,0.0,1000000.0,0.0,1110149.3495657165,-0.007956550119781514
2017-11-09 16:00:00,0.0,1000000.0,0.0,1081979.8451539313,0.025374517782499172
2017-11-10 16:00:00,0.0,1000000.0,0.0,1060787.6610067536,0.019586486977641315
2017-11-11 16:00:00,0.0,1000000.0,0.0,1061738.7188306593,-0.000896558150952731
2017-11-12 16:00:00,0.0,1000000.0,0.0,1083725.9373897417,-0.02070869053668658
2017-11-13 16:00:00,0.0,1000000.0,0.0,1090747.2464917896,-0.0064788604386082135
2017-11-14 16:00:00,0.0,1000000.0,0.0,1118649.5114987225,-0.02558087136747411
2017-11-15 16:00:00,0.0,1000000.0,0.0,1126023.1214059049,-0.006591528294955818
2017-11-16 16:00:00,0.0,1000000.0,0.0,1143073.1747876154,-0.015141832398985412
2017-11-17 16:00:00,0.0,1000000.0,0.0,1135795.2070990924,0.006367018183131901
2017-11-18 16:00:00,0.0,1000000.0,0.0,1152475.067823055,-0.014685623446646012
2017-11-19 16:00:00,0.0,1000000.0,0.0,1168959.7668444514,-0.014303735917285376
2017-11-20 16:00:00,0.0,1000000.0,0.0,1179973.2931045839,-0.009421646982652776
2017-11-21 16:00:00,0.0,1000000.0,0.0,1173790.153138598,0.005240067721971564
2017-11-22 16:00:00,0.0,1000000.0,0.0,1203064.5030835823,-0.02494002004251574
2017-11-23 16:00:00,0.0,1000000.0,0.0,1222171.5238260676,-0.015881958692581955
2017-11-24 16:00:00,0.0,1000000.0,0.0,1246497.0905567182,-0.019903562025809673
2017-11-25 16:00:00,0.0,1000000.0,0.0,1251360.9556981921,-0.0039020268705976637
2017-11-26 16:00:00,0.0,1000000.0,0.0,1276150.645953455,-0.019810183578431582
2017-11-27 16:00:00,0.0,1000000.0,0.0,1278457.044995553,-0.0018073093873448576
2017-11-28 16:00:00,0.0,1000000.0,0.0,1317868.0896254948,-0.03082703856513147
2017-11-29 16:00:00,0.0,1000000.0,0.0,1226160.0781249455,0.0695881569805749
2017-11-30 16:00:00,0.0,1000000.0,0.0,1292825.466776208,-0.05436923762287851
2017-12-01 16:00:00,0.0,1000000.0,0.0,1300973.851256499,-0.006302772253249244
2017-12-02 16:00:00,0.0,1000000.0,0.0,1341463.6151277756,-0.03112265771688736
2017-12-03 16:00:00,0.0,1000000.0,0.0,1322335.2289404657,0.014259340299354962
2017-12-04 16:00:00,0.0,1000000.0,0.0,1331340.8090747807,-0.006810360895800116
2017-12-05 16:00:00,0.0,1000000.0,0.0,1328746.2075648902,0.0019488635007693488
2017-12-06 16:00:00,0.0,1000000.0,0.0,1377978.6567633569,-0.03705180787585614
2017-12-07 16:00:00,0.0,1000000.0,0.0,1402113.9491792698,-0.017514997273326838
2017-12-08 16:00:00,0.0,1000000.0,0.0,1406052.6413532847,-0.0028091098988926254
2017-12-09 16:00:00,0.0,1000000.0,0.0,1406260.710050551,-0.00014798073069728358
2017-12-10 16:00:00,0.0,1000000.0,0.0,1437952.984037212,-0.02253655652906761
2017-12-11 16:00:00,0.0,1000000.0,0.0,1518969.3744064274,-0.056341473795445476
2017-12-12 16:00:00,0.0,1000000.0,0.0,1557227.8258856218,-0.025187111816618923
2017-12-13 16:00:00,0.0,1000000.0,0.0,1545747.5504489134,0.007372251667914687
2017-12-14 16:00:00,0.0,1000000.0,0.0,1584197.854698313,-0.024874892564592965
2017-12-15 16:00:00,0.0,1000000.0,0.0,1609920.7843770364,-0.016237195122084012
2017-12-16 16:00:00,0.0,1000000.0,0.0,1626199.498643997,-0.010111500158847653
2017-12-17 16:00:00,0.0,1000000.0,0.0,1628974.3637700237,-0.0017063497611089717
2017-12-18 16:00:00,0.0,1000000.0,0.0,1636895.905119814,-0.004862901176330969
2017-12-19 16:00:00,0.0,1000000.0,0.0,1620680.036675072,0.009906475050748553
2017-12-20 16:00:00,0.0,1000000.0,0.0,1584985.5801829,0.02202436982280691
2017-12-21 16:00:00,0.0,1000000.0,0.0,1470248.1397381416,0.07239021091379157
2017-12-22 16:00:00,0.0,1000000.0,0.0,1535401.274453058,-0.04431437997025487
2017-12-23 16:00:00,0.0,1000000.0,0.0,1467240.210884281,0.04439299660804115
2017-12-24 16:00:00,0.0,1000000.0,0.0,1536039.4151115504,-0.0468902117846167
2017-12-25 16:00:00,0.0,1000000.0,0.0,1601479.0173661306,-0.04260281449211893
2017-12-26 16:00:00,0.0,1000000.0,0.0,1587604.362800161,0.008663650547722224
2017-12-27 16:00:00,0.0,1000000.0,0.0,1551130.2318191156,0.022974320199469166
2017-12-28 16:00:00,0.0,1000000.0,0.0,1582563.0988372355,-0.020264492544418068
2017-12-29 16:00:00,0.0,1000000.0,0.0,1506496.9310640614,0.048065172143254634
2017-12-30 16:00:00,0.0,1000000.0,0.0,1544679.5640674445,-0.02534531084402163
2017-12-31 16:00:00,0.0,1000000.0,0.0,1554457.3090231707,-0.006329950355515557
2018-01-01 16:00:00,0.0,1000000.0,0.0,1614440.2125116142,-0.038587681463016124
2018-01-02 16:00:00,0.0,1000000.0,0.0,1649697.2215519655,-0.021838534971512624
2018-01-03 16:00:00,0.0,1000000.0,0.0,1681822.3100828424,-0.019473324020425363
2018-01-04 16:00:00,0.0,1000000.0,0.0,1717836.0284793063,-0.021413509727249112
2018-01-05 16:00:00,0.0,1000000.0,0.0,1737097.832066336,-0.01121283013494665
2018-01-06 16:00:00,0.0,1000000.0,0.0,1765824.26937098,-0.01653702904601122
2018-01-07 16:00:00,0.0,1000000.0,0.0,1710010.6145081348,0.031607706288195425
2018-01-08 16:00:00,0.0,1000000.0,0.0,1759475.646537691,-0.02892673975815301
2018-01-09 16:00:00,0.0,1000000.0,0.0,1793831.508063045,-0.01952619326840912
2018-01-10 16:00:00,0.0,1000000.0,0.0,1753350.281125568,0.022566905952715755
2018-01-11 16:00:00,0.0,1000000.0,0.0,1643563.0179995978,0.06261570452168401
2018-01-12 16:00:00,0.0,1000000.0,0.0,1746605.6125589367,-0.06269464172098087
2018-01-13 16:00:00,0.0,1000000.0,0.0,1550818.9577725339,0.1120955145103177
2018-01-14 16:00:00,0.0,1000000.0,0.0,1620400.9345328845,-0.044867891517325884
2018-01-15 16:00:00,0.0,1000000.0,0.0,1366224.131951473,0.15686043939161481
2018-01-16 16:00:00,0.0,1000000.0,0.0,952395.6520146163,0.3028994073950053
2018-01-17 16:00:00,0.0,1000000.0,0.0,1393389.6254242382,-0.46303652528944356
2018-01-18 16:00:00,0.0,1000000.0,0.0,1381254.6151237204,0.008708985684332936
2018-01-19 16:00:00,0.0,1000000.0,0.0,1479442.4342785599,-0.07108596639588054
2018-01-20 16:00:00,0.0,1000000.0,0.0,1369323.668435203,0.07443261278162258
2018-01-21 16:00:00,0.0,1000000.0,0.0,1218861.2951221024,0.10988079500958423
2018-01-22 16:00:00,0.0,1000000.0,0.0,1274096.3161676354,-0.0453169046113648
2018-01-23 16:00:00,0.0,1000000.0,0.0,1302878.4431943465,-0.022590228589064055
2018-01-24 16:00:00,0.0,1000000.0,0.0,1275713.1116645862,0.02085024253157306
2018-01-25 16:00:00,0.0,1000000.0,0.0,1269245.3637473893,0.00506990784844843
2018-01-26 16:00:00,0.0,1000000.0,0.0,1311398.4897027502,-0.03321117189737519
2018-01-27 16:00:00,0.0,1000000.0,0.0,1356030.8290010798,-0.034034154872670495
2018-01-28 16:00:00,0.0,1000000.0,0.0,1324954.5068216464,0.02291712069874243
2018-01-29 16:00:00,0.0,1000000.0,0.0,1197398.883183349,0.09627170063693957
2018-01-30 16:00:00,0.0,1000000.0,0.0,1149258.9412591825,0.040203763841990404
2018-01-31 16:00:00,0.0,1000000.0,0.0,1063598.1659487796,0.07453566140329429
2018-02-01 16:00:00,0.0,1000000.0,0.0,997489.7685044437,0.062155426326223596
2018-02-02 16:00:00,0.0,1000000.0,0.0,1024689.7777489811,-0.027268459390133892
2018-02-03 16:00:00,0.0,1000000.0,0.0,983654.3121217705,0.04004672098647908
2018-02-04 16:00:00,0.0,1000000.0,0.0,805602.6136386095,0.18101043861547084
2018-02-05 16:00:00,0.0,1000000.0,0.0,807513.7830433736,-0.0023723475723745
2018-02-06 16:00:00,0.0,1000000.0,0.0,896852.643735986,-0.1106344715949124
2018-02-07 16:00:00,0.0,1000000.0,0.0,881593.2058840937,0.017014431477089385
2018-02-08 16:00:00,0.0,1000000.0,0.0,933834.727023848,-0.059258080474162346
2018-02-09 16:00:00,0.0,1000000.0,0.0,961902.0081279798,-0.03005594061979555
2018-02-10 16:00:00,0.0,1000000.0,0.0,961171.1060196522,0.0007598509018086786
2018-02-11 16:00:00,0.0,1000000.0,0.0,993019.7998339009,-0.03313530089989784
2018-02-12 16:00:00,0.0,1000000.0,0.0,1014958.2118384943,-0.022092622934873064
2018-02-13 16:00:00,0.0,1000000.0,0.0,1149843.26888407,-0.13289715327416776
2018-02-14 16:00:00,0.0,1000000.0,0.0,1183941.5687536958,-0.029654737121449882
2018-02-15 16:00:00,0.0,1000000.0,0.0,1210156.0551253592,-0.022141706198608002
2018-02-16 16:00:00,0.0,1000000.0,0.0,1282603.4014440526,-0.059866118928924975
2018-02-17 16:00:00,0.0,1000000.0,0.0,1236058.8660723453,0.03628910957144198
2018-02-18 16:00:00,0.0,1000000.0,0.0,1350178.2526635588,-0.09232520369667752
2018-02-19 16:00:00,0.0,1000000.0,0.0,1342997.5355818665,0.0053183474608087256
2018-02-20 16:00:00,0.0,1000000.0,0.0,1187446.1315727283,0.11582404277588201
2018-02-21 16:00:00,0.0,1000000.0,0.0,1108763.3026721224,0.06626223018335446
2018-02-22 16:00:00,0.0,1000000.0,0.0,1179087.0308528529,-0.06342537493011369
2018-02-23 16:00:00,0.0,1000000.0,0.0,1126704.93406394,0.044425979947403896
2018-02-24 16:00:00,0.0,1000000.0,0.0,1138761.5633160397,-0.010700786769977344
2018-02-25 16:00:00,0.0,1000000.0,0.0,1206145.9054058369,-0.05917335486243167
2018-02-26 16:00:00,0.0,1000000.0,0.0,1210630.0863535106,-0.0037177765372962135
2018-02-27 16:00:00,0.0,1000000.0,0.0,1195177.8748740621,0.012763776196898769
2018-02-28 16:00:00,0.0,1000000.0,0.0,1189375.573829506,0.0048547594182729355
2018-03-01 16:00:00,0.0,1000000.0,0.0,1166303.1059150363,0.01939880759462851
2018-03-02 16:00:00,0.0,1000000.0,0.0,1195019.2470617322,-0.02462150790910078
2018-03-03 16:00:00,0.0,1000000.0,0.0,1166816.2493336499,0.023600454802235958
2018-03-04 16:00:00,0.0,1000000.0,0.0,1210745.309446899,-0.03764865302341849
2018-03-05 16:00:00,0.0,1000000.0,0.0,1141009.3681531476,0.0575975316605674
2018-03-06 16:00:00,0.0,1000000.0,0.0,1093738.3392446209,0.041429133035989274
2018-03-07 16:00:00,0.0,1000000.0,0.0,1023391.9007503911,0.06431742947112376
2018-03-08 16:00:00,0.0,1000000.0,0.0,967041.8605302945,0.05506203457226755
2018-03-09 16:00:00,0.0,1000000.0,0.0,1015908.9434471518,-0.05053254146626087
2018-03-10 16:00:00,0.0,1000000.0,0.0,980292.9641040742,0.035058239788918956
2018-03-11 16:00:00,0.0,1000000.0,0.0,990612.8130097366,-0.010527311001455564
2018-03-12 16:00:00,0.0,1000000.0,0.0,975865.7840287534,0.014886773911370898
2018-03-13 16:00:00,0.0,1000000.0,0.0,933745.0229337316,0.04316245305899662
2018-03-14 16:00:00,0.0,1000000.0,0.0,846049.931923365,0.09391759940506841
2018-03-15 16:00:00,0.0,1000000.0,0.0,912505.9569149896,-0.07854858499964293
2018-03-16 16:00:00,0.0,1000000.0,0.0,823129.941378333,0.09794567899460072
2018-03-17 16:00:00,0.0,1000000.0,0.0,696133.1866189794,0.154285184361897
2018-03-18 16:00:00,0.0,1000000.0,0.0,825526.1399795245,-0.18587384691281317
2018-03-19 16:00:00,0.0,1000000.0,0.0,829769.2532437188,-0.005139889651828056
2018-03-20 16:00:00,0.0,1000000.0,0.0,893575.4050556303,-0.07689625948717879
2018-03-21 16:00:00,0.0,1000000.0,0.0,839872.4792112405,0.06009893014126368
2018-03-22 16:00:00,0.0,1000000.0,0.0,829886.2280655368,0.011890199277731073
2018-03-23 16:00:00,0.0,1000000.0,0.0,854292.5410013689,-0.029409227566919726
2018-03-24 16:00:00,0.0,1000000.0,0.0,824306.7695472498,0.03510012087776267
2018-03-25 16:00:00,0.0,1000000.0,0.0,776749.441404884,0.057693725078209246
2018-03-26 16:00:00,0.0,1000000.0,0.0,748534.7469615352,0.036324061453224574
2018-03-27 16:00:00,0.0,1000000.0,0.0,725278.0977474942,0.031069565318704105
2018-03-28 16:00:00,0.0,1000000.0,0.0,670652.0746405654,0.07531734830623112
2018-03-29 16:00:00,0.0,1000000.0,0.0,618243.7186521934,0.0781453721983342
2018-03-30 16:00:00,0.0,1000000.0,0.0,642748.4640795639,-0.03963606048564823
2018-03-31 16:00:00,0.0,1000000.0,0.0,578679.638658147,0.09967946872213143
2018-04-01 16:00:00,0.0,1000000.0,0.0,626589.1959576238,-0.082791157834014
2018-04-02 16:00:00,0.0,1000000.0,0.0,661914.5652807205,-0.056377239746543184
2018-04-03 16:00:00,0.0,1000000.0,0.0,607821.1942949982,0.0817225875106421
2018-04-04 16:00:00,0.0,1000000.0,0.0,618864.2743191074,-0.018168303652059837
2018-04-05 16:00:00,0.0,1000000.0,0.0,598962.2821434459,0.032158896548937575
2018-04-06 16:00:00,0.0,1000000.0,0.0,635627.762033038,-0.06121500632457355
2018-04-07 16:00:00,0.0,1000000.0,0.0,646923.8337229923,-0.01777152032161764
2018-04-08 16:00:00,0.0,1000000.0,0.0,629466.4864681951,0.026985166328363053
2018-04-09 16:00:00,0.0,1000000.0,0.0,648568.5108330067,-0.030346372325537163
2018-04-10 16:00:00,0.0,1000000.0,0.0,664261.8917280682,-0.02419695164494686
2018-04-11 16:00:00,0.0,1000000.0,0.0,730833.891420851,-0.10021950757945267
2018-04-12 16:00:00,0.0,1000000.0,0.0,806492.2996752611,-0.1035233986033663
2018-04-13 16:00:00,0.0,1000000.0,0.0,769061.8838031853,0.04641137415341403
2018-04-14 16:00:00,0.0,1000000.0,0.0,810066.972093344,-0.05331832087085018
2018-04-15 16:00:00,0.0,1000000.0,0.0,783376.5805690205,0.03294837642294102
2018-04-16 16:00:00,0.0,1000000.0,0.0,819084.7850708045,-0.045582425346244994
2018-04-17 16:00:00,0.0,1000000.0,0.0,815151.735421085,0.004801761333388166
2018-04-18 16:00:00,0.0,1000000.0,0.0,866676.1085621049,-0.06320832171743299
2018-04-19 16:00:00,0.0,1000000.0,0.0,929492.6861153138,-0.07247987677591272
2018-04-20 16:00:00,0.0,1000000.0,0.0,936127.6882926095,-0.007138304880080049
2018-04-21 16:00:00,0.0,1000000.0,0.0,964291.9853997467,-0.03008595671227878
2018-04-22 16:00:00,0.0,1000000.0,0.0,963244.6047116641,0.0010861655016745741
2018-04-23 16:00:00,0.0,1000000.0,0.0,1036708.1196237938,-0.07626672867181021
2018-04-24 16:00:00,0.0,1000000.0,0.0,924399.9281137835,0.1083315442255485
2018-04-25 16:00:00,0.0,1000000.0,0.0,918788.6421328116,0.006070193008800273
2018-04-26 16:00:00,0.0,1000000.0,0.0,965216.242087166,-0.05053131680707401
2018-04-27 16:00:00,0.0,1000000.0,0.0,982809.5709397183,-0.01822734438710736
2018-04-28 16:00:00,0.0,1000000.0,0.0,998266.744186096,-0.015727536344195527
2018-04-29 16:00:00,0.0,1000000.0,0.0,1005103.4039866308,-0.006848530055069602
2018-04-30 16:00:00,0.0,1000000.0,0.0,962354.633641747,0.0425317138269812
2018-05-01 16:00:00,0.0,1000000.0,0.0,1004802.9365303115,-0.04410879462172015
2018-05-02 16:00:00,0.0,1000000.0,0.0,1054279.3004654106,-0.04923986797445683
2018-05-03 16:00:00,0.0,1000000.0,0.0,1057938.9290228996,-0.003471213516070648
2018-05-04 16:00:00,0.0,1000000.0,0.0,1132217.6463604807,-0.07021077994188576
2018-05-05 16:00:00,0.0,1000000.0,0.0,1051242.3826871163,0.07151916765620099
2018-05-06 16:00:00,0.0,1000000.0,0.0,1021113.8731298537,0.028659907604039005
2018-05-07 16:00:00,0.0,1000000.0,0.0,1023109.4953452038,-0.0019543581454174674
2018-05-08 16:00:00,0.0,1000000.0,0.0,1024588.3020708959,-0.001445404164872177
2018-05-09 16:00:00,0.018381104912724933,1018381.1049127249,0.0,1033626.425779351,0.009559880143529908
2018-05-10 16:00:00,-0.11308650609097726,903215.9438890759,-0.11308650609097728,905441.8119587185,0.010927944994657282
2018-05-11 16:00:00,0.009383714825939249,911691.4647327724,-0.10476396278885769,877932.2978718389,0.03976613556633875
2018-05-12 16:00:00,0.0,911691.4647327724,-0.10476396278885769,939268.2936112864,-0.06986415226792513
2018-05-13 16:00:00,0.0,911691.4647327724,-0.10476396278885769,957208.4550418453,-0.019100145882262255
2018-05-14 16:00:00,0.0,911691.4647327724,-0.10476396278885769,946688.7618176662,0.01098997106510009
2018-05-15 16:00:00,0.0,911691.4647327724,-0.10476396278885769,907707.6328956095,0.04117628780890135
2018-05-16 16:00:00,0.0,911691.4647327724,-0.10476396278885769,909571.1953593265,-0.0020530426275828795
2018-05-17 16:00:00,0.0,911691.4647327724,-0.10476396278885769,866010.2389799408,0.04789175009239042
2018-05-18 16:00:00,0.0,911691.4647327724,-0.10476396278885769,898624.7116251409,-0.03766060859005096
2018-05-19 16:00:00,0.0,911691.4647327724,-0.10476396278885769,910003.5027038868,-0.012662450666605585
2018-05-20 16:00:00,0.0,911691.4647327724,-0.10476396278885769,884409.8083909306,0.028124830549453805
2018-05-21 16:00:00,0.0,911691.4647327724,-0.10476396278885769,862315.0817129946,0.024982453234134217
2018-05-22 16:00:00,0.0,911691.4647327724,-0.10476396278885769,770914.860282465,0.1059939961260592
2018-05-23 16:00:00,0.0,911691.4647327724,-0.10476396278885769,777894.0302653137,-0.009053100857715157
2018-05-24 16:00:00,0.0,911691.4647327724,-0.10476396278885769,769283.7111006379,0.011068755935482778
2018-05-25 16:00:00,0.0,911691.4647327724,-0.10476396278885769,782980.0598441571,-0.017804028014480378
2018-05-26 16:00:00,0.0,911691.4647327724,-0.10476396278885769,756726.1439910926,0.033530759210253766
2018-05-27 16:00:00,0.0,911691.4647327724,-0.10476396278885769,727250.8960279041,0.038951010477491055
2018-05-28 16:00:00,0.0,911691.4647327724,-0.10476396278885769,745363.27529741,-0.024905269100982674
2018-05-29 16:00:00,0.0,911691.4647327724,-0.10476396278885769,741095.7945176648,0.005725370327700041
2018-05-30 16:00:00,0.0,911691.4647327724,-0.10476396278885769,762760.5399944389,-0.029233394167179582
2018-05-31 16:00:00,0.0,911691.4647327724,-0.10476396278885769,760187.491207924,0.0033733375700502276
2018-06-01 16:00:00,0.0,911691.4647327724,-0.10476396278885769,790555.0845021717,-0.03994750458994552
2018-06-02 16:00:00,0.0,911691.4647327724,-0.10476396278885769,814367.1841969399,-0.030120734356876743
2018-06-03 16:00:00,0.0,911691.4647327724,-0.10476396278885769,769073.6282300637,0.05561810058879128
2018-06-04 16:00:00,0.0,911691.4647327724,-0.10476396278885769,788365.7625950208,-0.025084899100435588
2018-06-05 16:00:00,0.0,911691.4647327724,-0.10476396278885769,791194.6067877173,-0.0035882382606077013
2018-06-06 16:00:00,0.0,911691.4647327724,-0.10476396278885769,780947.3754164965,0.012951594062079085
2018-06-07 16:00:00,0.0,911691.4647327724,-0.10476396278885769,768412.6465853319,0.016050670282974557
2018-06-08 16:00:00,0.0,911691.4647327724,-0.10476396278885769,762886.9802533558,0.007191014302707144
2018-06-09 16:00:00,0.0,911691.4647327724,-0.10476396278885769,716766.79067226,0.060454812803043524
2018-06-10 16:00:00,0.0,911691.4647327724,-0.10476396278885769,651418.6406331025,0.09117072789863367
2018-06-11 16:00:00,0.0,911691.4647327724,-0.10476396278885769,667666.9888044611,-0.02494301998414903
2018-06-12 16:00:00,0.0,911691.4647327724,-0.10476396278885769,599001.0801737254,0.10284454643128375
2018-06-13 16:00:00,0.0,911691.4647327724,-0.10476396278885769,599207.4436937134,-0.0003445127677035309
2018-06-14 16:00:00,0.0,911691.4647327724,-0.10476396278885769,625700.536055296,-0.0442135568247791
2018-06-15 16:00:00,0.0,911691.4647327724,-0.10476396278885769,602325.8052098334,0.03735769669118003
2018-06-16 16:00:00,0.0,911691.4647327724,-0.10476396278885769,617286.0030645084,-0.024837384892489035
2018-06-17 16:00:00,0.0,911691.4647327724,-0.10476396278885769,601515.3170331751,0.025548426423148897
2018-06-18 16:00:00,0.0,911691.4647327724,-0.10476396278885769,640832.5288323353,-0.06536360868262228
2018-06-19 16:00:00,0.0,911691.4647327724,-0.10476396278885769,638415.7791282109,0.0037712656511489804
2018-06-20 16:00:00,0.0,911691.4647327724,-0.10476396278885769,626122.9988875134,0.019255132223523465
2018-06-21 16:00:00,0.0,911691.4647327724,-0.10476396278885769,568494.3417287114,0.09204047329549592
2018-06-22 16:00:00,0.0,911691.4647327724,-0.10476396278885769,548209.5012074908,0.035681692907509444
2018-06-23 16:00:00,0.0,911691.4647327724,-0.10476396278885769,505322.23517985933,0.07823152632920019
2018-06-24 16:00:00,0.0,911691.4647327724,-0.10476396278885769,554060.0624011682,-0.09644900585853207
2018-06-25 16:00:00,0.0,911691.4647327724,-0.10476396278885769,534862.803445747,0.03464833554727729
2018-06-26 16:00:00,0.0,911691.4647327724,-0.10476396278885769,526966.2116280184,0.014763770759260986
2018-06-27 16:00:00,0.0,911691.4647327724,-0.10476396278885769,527007.0072650862,-7.741603952520215e-05
2018-06-28 16:00:00,0.0,911691.4647327724,-0.10476396278885769,497501.48019214516,0.05598697297415571
2018-06-29 16:00:00,0.0,911691.4647327724,-0.10476396278885769,552861.4734969466,-0.11127603737665295
2018-06-30 16:00:00,0.0,911691.4647327724,-0.10476396278885769,561084.9299480862,-0.014874352519311285
2018-07-01 16:00:00,0.0,911691.4647327724,-0.10476396278885769,597022.8068117411,-0.06405068991423483
2018-07-02 16:00:00,0.0,911691.4647327724,-0.10476396278885769,608674.703845786,-0.019516669884470605
2018-07-03 16:00:00,0.0,911691.4647327724,-0.10476396278885769,611205.560969281,-0.004157979800218925
2018-07-04 16:00:00,0.0,911691.4647327724,-0.10476396278885769,595435.8472462915,0.02580099843656709
2018-07-05 16:00:00,0.0,911691.4647327724,-0.10476396278885769,587824.4437087076,0.012782911161268418
2018-07-06 16:00:00,0.0,911691.4647327724,-0.10476396278885769,583224.7088354537,0.007825014632316352
2018-07-07 16:00:00,0.0,911691.4647327724,-0.10476396278885769,603341.3845064372,-0.034492152623559626
2018-07-08 16:00:00,0.0,911691.4647327724,-0.10476396278885769,594757.6053600337,0.014227068400795396
2018-07-09 16:00:00,0.0,911691.4647327724,-0.10476396278885769,545889.3549811366,0.08216498610272463
2018-07-10 16:00:00,0.0,911691.4647327724,-0.10476396278885769,553947.6370897966,-0.014761749858519102
2018-07-11 16:00:00,0.0,911691.4647327724,-0.10476396278885769,533038.5173951467,0.037745660951813934
2018-07-12 16:00:00,0.0,911691.4647327724,-0.10476396278885769,542903.6194847247,-0.018507296879382816
2018-07-13 16:00:00,0.0,911691.4647327724,-0.10476396278885769,535636.991890085,0.013384747004517129
2018-07-14 16:00:00,0.0,911691.4647327724,-0.10476396278885769,547509.4432106187,-0.02216510715333473
2018-07-15 16:00:00,0.0,911691.4647327724,-0.10476396278885769,575461.3915861488,-0.05105290643320903
2018-07-16 16:00:00,0.0,911691.4647327724,-0.10476396278885769,587985.1012571676,-0.021762901654443965
2018-07-17 16:00:00,0.0,911691.4647327724,-0.10476396278885769,636345.5456163506,-0.0822477376650935
2018-07-18 16:00:00,0.0,911691.4647327724,-0.10476396278885769,609707.3259591158,0.04186124950624674
2018-07-19 16:00:00,0.0,911691.4647327724,-0.10476396278885769,591378.5223463777,0.030061642418197067
2018-07-20 16:00:00,0.0,911691.4647327724,-0.10476396278885769,590258.5562545444,0.0018938227370682403
2018-07-21 16:00:00,0.0,911691.4647327724,-0.10476396278885769,583767.0973024803,0.010997653288171438
2018-07-22 16:00:00,0.0,911691.4647327724,-0.10476396278885769,589133.0161327412,-0.009191882953075558
2018-07-23 16:00:00,0.0,911691.4647327724,-0.10476396278885769,596380.7481883457,-0.012302369511016265
2018-07-24 16:00:00,0.0,911691.4647327724,-0.10476396278885769,615556.3016724953,-0.032153206726407736
2018-07-25 16:00:00,0.0,911691.4647327724,-0.10476396278885769,636463.2968820357,-0.03396439148252557
2018-07-26 16:00:00,0.0,911691.4647327724,-0.10476396278885769,636974.7085049928,-0.0008035209971456236
2018-07-27 16:00:00,0.0,911691.4647327724,-0.10476396278885769,621897.1089340202,0.02367064087420423
2018-07-28 16:00:00,0.0,911691.4647327724,-0.10476396278885769,665335.6447803784,-0.06984842865858516
2018-07-29 16:00:00,0.0,911691.4647327724,-0.10476396278885769,643366.808858144,0.03301917775574181
2018-07-30 16:00:00,0.0,911691.4647327724,-0.10476396278885769,604550.8862661368,0.06033249160132821
2018-07-31 16:00:00,0.0,911691.4647327724,-0.10476396278885769,617968.5996507067,-0.022194514455915026
2018-08-01 16:00:00,-0.01226755721387196,900507.2375277644,-0.1157463220952654,607497.6890332361,0.00467652477247673
2018-08-02 16:00:00,-0.0060631139606854845,895047.3595242115,-0.12110765291455708,599164.0548428557,0.007654854586063343
2018-08-03 16:00:00,-0.06409902934995693,837675.6925564676,-0.17744379926583942,570340.5238833048,-0.015992787450798775
2018-08-04 16:00:00,-0.0007430442946881888,837053.2624123145,-0.17805499495785534,572628.4279538806,-0.004754514591411962
2018-08-05 16:00:00,0.0,837053.2624123145,-0.17805499495785534,567562.8247978436,0.00884623065979695
2018-08-06 16:00:00,0.0,837053.2624123145,-0.17805499495785534,570190.4720607473,-0.0046297029123423036
2018-08-07 16:00:00,0.0,837053.2624123145,-0.17805499495785534,503158.59167504084,0.11756050595416659
2018-08-08 16:00:00,0.0,837053.2624123145,-0.17805499495785534,524569.4544506336,-0.04255291101025407
2018-08-09 16:00:00,0.0,837053.2624123145,-0.17805499495785534,524854.9457110609,-0.000544239200367369
2018-08-10 16:00:00,0.0,837053.2624123145,-0.17805499495785534,459009.87190646835,0.12545385033075615
2018-08-11 16:00:00,0.0,837053.2624123145,-0.17805499495785534,495218.3940017526,-0.07888397246206158
2018-08-12 16:00:00,0.0,837053.2624123145,-0.17805499495785534,479654.97918033076,0.03142737630494143
2018-08-13 16:00:00,0.0,837053.2624123145,-0.17805499495785534,434770.68059313006,0.09357621735502945
2018-08-14 16:00:00,0.0,837053.2624123145,-0.17805499495785534,473733.1856276649,-0.08961622016779244
2018-08-15 16:00:00,0.0,837053.2624123145,-0.17805499495785534,472873.4455378705,0.0018148192186606016
2018-08-16 16:00:00,0.0,837053.2624123145,-0.17805499495785534,487675.7540202503,-0.03130289641352739
2018-08-17 16:00:00,0.0,837053.2624123145,-0.17805499495785534,481949.6573072271,0.011741606314890496
2018-08-18 16:00:00,0.0,837053.2624123145,-0.17805499495785534,506179.28878013976,-0.05027419587408692
2018-08-19 16:00:00,0.0,837053.2624123145,-0.17805499495785534,492507.89492003364,0.027008994961159584
2018-08-20 16:00:00,0.0,837053.2624123145,-0.17805499495785534,494635.7157185211,-0.004320379064853386
2018-08-21 16:00:00,0.0,837053.2624123145,-0.17805499495785534,506699.67957860464,-0.024389593142418065
2018-08-22 16:00:00,0.0,837053.2624123145,-0.17805499495785534,487978.85736238287,0.036946583885331896
2018-08-23 16:00:00,0.0,837053.2624123145,-0.17805499495785534,494563.3236081809,-0.013493343300544414
2018-08-24 16:00:00,0.0,837053.2624123145,-0.17805499495785534,509674.92889563827,-0.03055545077060664
2018-08-25 16:00:00,0.0,837053.2624123145,-0.17805499495785534,504711.390119977,0.009738636323384032
2018-08-26 16:00:00,0.0,837053.2624123145,-0.17805499495785534,508036.31283453654,-0.006587770317149277
2018-08-27 16:00:00,0.0,837053.2624123145,-0.17805499495785534,531114.2605094941,-0.045425783732261985
2018-08-28 16:00:00,0.0,837053.2624123145,-0.17805499495785534,524999.7588812463,0.011512591701797192
2018-08-29 16:00:00,-0.04782739867567043,797019.1823181502,-0.21736648640348194,506733.74880503677,-0.013034982551263695
2018-08-30 16:00:00,-0.02045924085778461,780712.7748988286,-0.23337857396152736,511723.49079002166,-0.030306112112662587
2018-08-31 16:00:00,0.0,780712.7748988286,-0.23337857396152736,541191.2794807042,-0.05758537417383147
2018-09-01 16:00:00,0.0,780712.7748988286,-0.23337857396152736,526731.2302881869,0.026718924973056325
2018-09-02 16:00:00,0.0,780712.7748988286,-0.23337857396152736,529825.7368614769,-0.005874925190209312
2018-09-03 16:00:00,0.0,780712.7748988286,-0.23337857396152736,534594.3108190474,-0.009000268627602014
2018-09-04 16:00:00,0.0,780712.7748988286,-0.23337857396152736,485989.215637695,0.09091958929919206
2018-09-05 16:00:00,0.0,780712.7748988286,-0.23337857396152736,451961.9216679346,0.07001656183895173
2018-09-06 16:00:00,0.0,780712.7748988286,-0.23337857396152736,443479.67514650093,0.01876761318770075
2018-09-07 16:00:00,0.0,780712.7748988286,-0.23337857396152736,449583.3757951309,-0.013763202669014384
2018-09-08 16:00:00,0.0,780712.7748988286,-0.23337857396152736,431957.8530748729,0.03920412468340395
2018-09-09 16:00:00,0.0,780712.7748988286,-0.23337857396152736,424993.98089268367,0.016121647361234958
2018-09-10 16:00:00,0.0,780712.7748988286,-0.23337857396152736,407583.5621500694,0.0409662713482303
2018-09-11 16:00:00,0.0,780712.7748988286,-0.23337857396152736,399969.59259247786,0.018680757186150053
2018-09-12 16:00:00,0.0,780712.7748988286,-0.23337857396152736,437107.8786668371,-0.09285277371622302
2018-09-13 16:00:00,0.0,780712.7748988286,-0.23337857396152736,441708.3523066336,-0.010524801460517574
2018-09-14 16:00:00,0.0,780712.7748988286,-0.23337857396152736,458680.7554091141,-0.038424455896859076
2018-09-15 16:00:00,0.0,780712.7748988286,-0.23337857396152736,448960.28058823716,0.021192244728486374
2018-09-16 16:00:00,0.0,780712.7748988286,-0.23337857396152736,431678.7832742563,0.038492263260657
2018-09-17 16:00:00,0.0,780712.7748988286,-0.23337857396152736,463268.9281784314,-0.07317974875801361
2018-09-18 16:00:00,0.0,780712.7748988286,-0.23337857396152736,471424.3166537119,-0.017604004886205792
2018-09-19 16:00:00,0.0,780712.7748988286,-0.23337857396152736,502596.7755860137,-0.06612399452275115
2018-09-20 16:00:00,0.0,780712.7748988286,-0.23337857396152736,565840.9970483358,-0.12583491286545007
2018-09-21 16:00:00,0.0,780712.7748988286,-0.23337857396152736,570576.2302535211,-0.008368487313372586
2018-09-22 16:00:00,0.0,780712.7748988286,-0.23337857396152736,576004.0702264785,-0.009512909380304335
2018-09-23 16:00:00,0.0,780712.7748988286,-0.23337857396152736,556457.2095827971,0.03393528215173167
2018-09-24 16:00:00,0.0,780712.7748988286,-0.23337857396152736,519646.91853595513,0.0661511620533057
2018-09-25 16:00:00,0.0,780712.7748988286,-0.23337857396152736,550653.813224495,-0.059669159158873206
2018-09-26 16:00:00,0.0,780712.7748988286,-0.23337857396152736,557897.7603530531,-0.013155174729726049
2018-09-27 16:00:00,0.0,780712.7748988286,-0.23337857396152736,568966.6154686719,-0.019840293154455478
2018-09-28 16:00:00,0.0,780712.7748988286,-0.23337857396152736,570639.0312948541,-0.0029393918390178573
2018-09-29 16:00:00,0.0,780712.7748988286,-0.23337857396152736,575427.6259056772,-0.008391635251372565
2018-09-30 16:00:00,0.0,780712.7748988286,-0.23337857396152736,563285.8839657857,0.021100380644362305
2018-10-01 16:00:00,0.0,780712.7748988286,-0.23337857396152736,564308.8313012822,-0.0018160358081308115
2018-10-02 16:00:00,0.0,780712.7748988286,-0.23337857396152736,546162.0283794249,0.03215757385900051
2018-10-03 16:00:00,0.0,780712.7748988286,-0.23337857396152736,552501.0166648137,-0.011606424386913039
2018-10-04 16:00:00,0.0,780712.7748988286,-0.23337857396152736,552435.0632432892,0.00011937248898215014
2018-10-05 16:00:00,0.0,780712.7748988286,-0.23337857396152736,550321.5917406179,0.003825737436475052
2018-10-06 16:00:00,0.0,780712.7748988286,-0.23337857396152736,545790.6095225749,0.008233335355263516
2018-10-07 16:00:00,0.0,780712.7748988286,-0.23337857396152736,558848.7880747515,-0.023925253246110324
2018-10-08 16:00:00,0.0,780712.7748988286,-0.23337857396152736,552704.3180777897,0.010994870398000688
2018-10-09 16:00:00,0.0,780712.7748988286,-0.23337857396152736,547856.6916421996,0.008770741021979634
2018-10-10 16:00:00,0.0,780712.7748988286,-0.23337857396152736,497825.7831490904,0.09132115981488091
2018-10-11 16:00:00,0.0,780712.7748988286,-0.23337857396152736,503098.760884691,-0.010592014142468242
2018-10-12 16:00:00,0.0,780712.7748988286,-0.23337857396152736,504650.7841359321,-0.0030849275965457055
2018-10-13 16:00:00,0.0,780712.7748988286,-0.23337857396152736,510092.5559999969,-0.010783242660332393
2018-10-14 16:00:00,0.0,780712.7748988286,-0.23337857396152736,549977.9748655376,-0.07819251309666404
2018-10-15 16:00:00,0.0,780712.7748988286,-0.23337857396152736,546867.3697035052,0.005655872242507276
2018-10-16 16:00:00,0.0,780712.7748988286,-0.23337857396152736,555061.7020649869,-0.014984131099144427
2018-10-17 16:00:00,0.01986760091984352,796223.6647435422,-0.2181476454123936,550102.0717999744,0.02880287828911854
2018-10-18 16:00:00,-0.07170407449480876,739131.1837722416,-0.274209644889685,533948.1317243846,-0.042338724128588655
2018-10-19 16:00:00,-0.0008043879399036724,738536.6355620085,-0.2747934618982341,540620.8462200557,-0.013301321816461199
2018-10-20 16:00:00,0.0,738536.6355620085,-0.2747934618982341,544020.4108104575,-0.006288260273666824
2018-10-21 16:00:00,0.0,738536.6355620085,-0.2747934618982341,540306.8911721999,0.006826066751292137
2018-10-22 16:00:00,0.0,738536.6355620085,-0.2747934618982341,547849.0370375279,-0.013959003648769407
2018-10-23 16:00:00,0.0,738536.6355620085,-0.2747934618982341,551978.6422294977,-0.007537852424274694
2018-10-24 16:00:00,-0.035929337653730076,712001.5034132513,-0.30084965247438517,546324.7577193526,-0.025686396935392763
2018-10-25 16:00:00,0.031297817970899366,734285.5968620859,-0.2789677721632374,549377.1711050681,0.02571064048610474
2018-10-26 16:00:00,0.013951508739174834,744529.9887837574,-0.26890828473534617,547511.2461470783,0.017347945752086112
2018-10-27 16:00:00,0.03382413405141449,769713.0709296773,-0.244179740554356,548705.1244169516,0.03164357926231263
2018-10-28 16:00:00,0.0,769713.0709296773,-0.244179740554356,526695.2723007408,0.04011235021651769
2018-10-29 16:00:00,0.0,769713.0709296773,-0.244179740554356,536062.9529751434,-0.017785769432640097
2018-10-30 16:00:00,0.0,769713.0709296773,-0.244179740554356,545485.027674757,-0.01757643322919633
2018-10-31 16:00:00,0.0,769713.0709296773,-0.244179740554356,557646.0777670412,-0.0222940126223502
2018-11-01 16:00:00,0.0,769713.0709296773,-0.244179740554356,566410.3318972813,-0.015716517123790387
2018-11-02 16:00:00,0.0,769713.0709296773,-0.244179740554356,563314.6677976856,0.005465408954010931
2018-11-03 16:00:00,0.0,769713.0709296773,-0.244179740554356,574752.9209907,-0.020305264263281032
2018-11-04 16:00:00,0.0,769713.0709296773,-0.244179740554356,581126.6190784259,-0.011089457495474186
2018-11-05 16:00:00,0.0,769713.0709296773,-0.244179740554356,593768.2909456949,-0.02175373051628
2018-11-06 16:00:00,0.0,769713.0709296773,-0.244179740554356,593238.0327553755,0.0008930389150199946
2018-11-07 16:00:00,0.05438681441799398,811575.3128734339,-0.20307308437052574,592434.3157879362,0.05574161118263532
2018-11-08 16:00:00,0.02253161450200558,829861.4149624427,-0.1851170343212901,580940.3529023286,0.04193285879070061
2018-11-09 16:00:00,0.0,829861.4149624427,-0.1851170343212901,589932.7722600257,-0.015479075111191199
2018-11-10 16:00:00,0.0,829861.4149624427,-0.1851170343212901,575495.0720041635,0.02447346703684832
2018-11-11 16:00:00,0.0,829861.4149624427,-0.1851170343212901,598370.9660055165,-0.0397499389902463
2018-11-12 16:00:00,0.0,829861.4149624427,-0.1851170343212901,599259.4374806671,-0.0014848171546187894
2018-11-13 16:00:00,0.0,829861.4149624427,-0.1851170343212901,569680.7400474857,0.04935875112377468
2018-11-14 16:00:00,0.0,829861.4149624427,-0.1851170343212901,530389.7266579141,0.06897023302261643
2018-11-15 16:00:00,0.0,829861.4149624427,-0.1851170343212901,530903.3595432884,-0.0009684065500492611
2018-11-16 16:00:00,0.0,829861.4149624427,-0.1851170343212901,518116.51018491323,0.024085079004538733
2018-11-17 16:00:00,0.0,829861.4149624427,-0.1851170343212901,529591.4096742492,-0.022147334168603504
2018-11-18 16:00:00,0.0,829861.4149624427,-0.1851170343212901,482643.94945477764,0.0886484549444427
2018-11-19 16:00:00,0.0,829861.4149624427,-0.1851170343212901,448867.8592027182,0.06998138128575901
2018-11-20 16:00:00,0.0,829861.4149624427,-0.1851170343212901,422077.52982651256,0.0596842229332053
2018-11-21 16:00:00,0.0,829861.4149624427,-0.1851170343212901,418816.4755022011,0.007726197425510506
2018-11-22 16:00:00,0.0,829861.4149624427,-0.1851170343212901,396783.1204913353,0.052608615705592186
2018-11-23 16:00:00,0.0,829861.4149624427,-0.1851170343212901,389209.84481521003,0.019086688130148577
2018-11-24 16:00:00,0.0,829861.4149624427,-0.1851170343212901,342705.00054599333,0.11948527224766473
2018-11-25 16:00:00,0.0,829861.4149624427,-0.1851170343212901,337817.84778329206,0.01426052364253565
2018-11-26 16:00:00,0.0,829861.4149624427,-0.1851170343212901,343454.7756164332,-0.01668629372346595
2018-11-27 16:00:00,0.0,829861.4149624427,-0.1851170343212901,391801.7655240166,-0.14076668411673735
2018-11-28 16:00:00,0.0,829861.4149624427,-0.1851170343212901,391366.09037448606,0.0011119785255377934
2018-11-29 16:00:00,0.0,829861.4149624427,-0.1851170343212901,366125.9945611606,0.06449229106480323
2018-11-30 16:00:00,0.0,829861.4149624427,-0.1851170343212901,385362.75585597346,-0.052541369857854826
2018-12-01 16:00:00,0.0,829861.4149624427,-0.1851170343212901,382648.4838656392,0.0070434206448033885
2018-12-02 16:00:00,0.0,829861.4149624427,-0.1851170343212901,347174.92308923183,0.09270534778562814
2018-12-03 16:00:00,0.0,829861.4149624427,-0.1851170343212901,359742.4525155239,-0.03619941588656146
2018-12-04 16:00:00,0.0,829861.4149624427,-0.1851170343212901,343181.57626416825,0.04603536817952005
2018-12-05 16:00:00,0.0,829861.4149624427,-0.1851170343212901,316142.41341923864,0.07878966912872935
2018-12-06 16:00:00,0.0,829861.4149624427,-0.1851170343212901,276706.5242412138,0.1247408999998006
2018-12-07 16:00:00,0.0,829861.4149624427,-0.1851170343212901,282466.7410065729,-0.020817061618459733
2018-12-08 16:00:00,0.0,829861.4149624427,-0.1851170343212901,304077.13221794326,-0.07650596716045759
2018-12-09 16:00:00,0.0,829861.4149624427,-0.1851170343212901,282474.6494616679,0.07104277325528052
2018-12-10 16:00:00,0.0,829861.4149624427,-0.1851170343212901,277221.59800468484,0.018596541201110272
2018-12-11 16:00:00,0.0,829861.4149624427,-0.1851170343212901,292250.6860099882,-0.0542132651765805
2018-12-12 16:00:00,0.0,829861.4149624427,-0.1851170343212901,287906.3572819209,0.014865076237729724
2018-12-13 16:00:00,0.0,829861.4149624427,-0.1851170343212901,274670.16052715963,0.04597396486733436
2018-12-14 16:00:00,0.0,829861.4149624427,-0.1851170343212901,269853.1406035547,0.017537470813574464
2018-12-15 16:00:00,0.0,829861.4149624427,-0.1851170343212901,281201.2751442527,-0.04205300155231362
2018-12-16 16:00:00,0.0,829861.4149624427,-0.1851170343212901,296643.9954197811,-0.05491696389927982
2018-12-17 16:00:00,0.0,829861.4149624427,-0.1851170343212901,311900.6666344561,-0.051430911969363446
2018-12-18 16:00:00,0.0,829861.4149624427,-0.1851170343212901,336182.33775469044,-0.07785065476853296
2018-12-19 16:00:00,0.0,829861.4149624427,-0.1851170343212901,361406.1736185595,-0.07503022327804346
2018-12-20 16:00:00,0.0,829861.4149624427,-0.1851170343212901,361940.2747419108,-0.0014778417258445975
2018-12-21 16:00:00,0.0,829861.4149624427,-0.1851170343212901,351655.3689037819,0.028416030367062063
2018-12-22 16:00:00,0.0,829861.4149624427,-0.1851170343212901,368024.13200391456,-0.04654774119092533
2018-12-23 16:00:00,0.0,829861.4149624427,-0.1851170343212901,403413.1595408084,-0.0961595299313617
2018-12-24 16:00:00,0.0,829861.4149624427,-0.1851170343212901,357708.55757291085,0.1132947720890453
2018-12-25 16:00:00,0.0,829861.4149624427,-0.1851170343212901,356752.4982054997,0.002672732723807725
2018-12-26 16:00:00,0.0,829861.4149624427,-0.1851170343212901,354429.09569413227,0.006512645385959037
2018-12-27 16:00:00,0.0,829861.4149624427,-0.1851170343212901,362242.32083051786,-0.022044536499137422
2018-12-28 16:00:00,0.0,829861.4149624427,-0.1851170343212901,373851.76284350106,-0.032048828492391615
2018-12-29 16:00:00,0.0,829861.4149624427,-0.1851170343212901,369613.5589054686,0.011336589416609689
2018-12-30 16:00:00,0.0,829861.4149624427,-0.1851170343212901,363926.717407091,0.015385911477971682
2018-12-31 16:00:00,0.0,829861.4149624427,-0.1851170343212901,360872.25987402897,0.008393056587942805
2019-01-01 16:00:00,0.0,829861.4149624427,-0.1851170343212901,380814.63199580146,-0.0552615823913253
2019-01-02 16:00:00,0.0,829861.4149624427,-0.1851170343212901,391495.98300902784,-0.02804868856337468
2019-01-03 16:00:00,0.0,829861.4149624427,-0.1851170343212901,398515.1811785303,-0.01792917034691697
2019-01-04 16:00:00,0.0,829861.4149624427,-0.1851170343212901,411663.6625391612,-0.032993677484874785
2019-01-05 16:00:00,0.0,829861.4149624427,-0.1851170343212901,414486.66572728986,-0.006857547665772135
2019-01-06 16:00:00,0.0,829861.4149624427,-0.1851170343212901,419957.52536538633,-0.013199120962062594
2019-01-07 16:00:00,0.0,829861.4149624427,-0.1851170343212901,425304.6462642768,-0.01273252787704715
2019-01-08 16:00:00,0.0,829861.4149624427,-0.1851170343212901,425972.8392631431,-0.001571092638501237
2019-01-09 16:00:00,0.0,829861.4149624427,-0.1851170343212901,383986.82491664455,0.09856500339112415
2019-01-10 16:00:00,0.0,829861.4149624427,-0.1851170343212901,378683.42893346644,0.013811400910250859
2019-01-11 16:00:00,0.0,829861.4149624427,-0.1851170343212901,384783.2818618293,-0.016108053488220066
2019-01-12 16:00:00,0.0,829861.4149624427,-0.1851170343212901,378889.2703961281,0.015317743112908056
2019-01-13 16:00:00,0.0,829861.4149624427,-0.1851170343212901,388642.60432523274,-0.02574191113648445
2019-01-14 16:00:00,0.0,829861.4149624427,-0.1851170343212901,400156.3309862171,-0.02962548761470607
2019-01-15 16:00:00,0.0,829861.4149624427,-0.1851170343212901,393104.80761438236,0.017621921298747557
2019-01-16 16:00:00,0.0,829861.4149624427,-0.1851170343212901,392745.9725367921,0.0009128229180607628
2019-01-17 16:00:00,0.0,829861.4149624427,-0.1851170343212901,389962.1669833405,0.0070880562707509535
2019-01-18 16:00:00,0.0,829861.4149624427,-0.1851170343212901,398877.8590685891,-0.022862966821162133
2019-01-19 16:00:00,0.0,829861.4149624427,-0.1851170343212901,384689.3493368785,0.0355710636956432
2019-01-20 16:00:00,0.0,829861.4149624427,-0.1851170343212901,386769.5719049203,-0.005407538762452391
2019-01-21 16:00:00,0.0,829861.4149624427,-0.1851170343212901,403174.86838420463,-0.04241620249102045
2019-01-22 16:00:00,0.0,829861.4149624427,-0.1851170343212901,393131.77100414847,0.02491002829691653
2019-01-23 16:00:00,0.0,829861.4149624427,-0.1851170343212901,389957.9707389044,0.008073120768483055
2019-01-24 16:00:00,0.0,829861.4149624427,-0.1851170343212901,390945.51822502847,-0.0025324459562986457
2019-01-25 16:00:00,0.0,829861.4149624427,-0.1851170343212901,389671.03336747,0.0032600063132706804
2019-01-26 16:00:00,0.0,829861.4149624427,-0.1851170343212901,377477.0703478593,0.03129296759431306
2019-01-27 16:00:00,0.0,829861.4149624427,-0.1851170343212901,346245.1389506778,0.08273861871503893
2019-01-28 16:00:00,0.0,829861.4149624427,-0.1851170343212901,365238.61798047944,-0.054855583207212136
2019-01-29 16:00:00,0.0,829861.4149624427,-0.1851170343212901,375247.06130533887,-0.027402478358392802
2019-01-30 16:00:00,0.0,829861.4149624427,-0.1851170343212901,368326.52282211365,0.018442618735377603
2019-01-31 16:00:00,0.0,829861.4149624427,-0.1851170343212901,368428.8364881492,-0.0002777797950895833
2019-02-01 16:00:00,0.0,829861.4149624427,-0.1851170343212901,370508.0616600917,-0.005643491947486123
2019-02-02 16:00:00,0.0,829861.4149624427,-0.1851170343212901,369142.228686291,0.0036863785572732732
2019-02-03 16:00:00,0.0,829861.4149624427,-0.1851170343212901,371072.2840210709,-0.005228486975463608
2019-02-04 16:00:00,0.0,829861.4149624427,-0.1851170343212901,370293.32158203423,0.002099220212826336
2019-02-05 16:00:00,0.0,829861.4149624427,-0.1851170343212901,363287.9833051384,0.018918348964454167
2019-02-06 16:00:00,0.0,829861.4149624427,-0.1851170343212901,364394.6116888102,-0.0030461464032029316
2019-02-07 16:00:00,0.0,829861.4149624427,-0.1851170343212901,394098.0019523094,-0.08151435095551177
2019-02-08 16:00:00,0.0,829861.4149624427,-0.1851170343212901,420122.37505395897,-0.06603528303297228
2019-02-09 16:00:00,0.0,829861.4149624427,-0.1851170343212901,415286.83320496086,0.011509841265600396
2019-02-10 16:00:00,0.0,829861.4149624427,-0.1851170343212901,410353.7861691195,0.01187865022777308
2019-02-11 16:00:00,0.0,829861.4149624427,-0.1851170343212901,408556.05612360773,0.004380927156282954
2019-02-12 16:00:00,0.0,829861.4149624427,-0.1851170343212901,403044.61013154266,0.013490060689242567
2019-02-13 16:00:00,0.0,829861.4149624427,-0.1851170343212901,406704.5745075249,-0.00908079225966496
2019-02-14 16:00:00,0.0,829861.4149624427,-0.1851170343212901,405328.1192394857,0.003384410587724407
2019-02-15 16:00:00,0.0,829861.4149624427,-0.1851170343212901,415361.41505805316,-0.024753515343057985
2019-02-16 16:00:00,0.0,829861.4149624427,-0.1851170343212901,414050.59284676635,0.0031558593643167708
2019-02-17 16:00:00,0.0,829861.4149624427,-0.1851170343212901,448739.3550480813,-0.08377904246632184
2019-02-18 16:00:00,0.0,829861.4149624427,-0.1851170343212901,462126.2837679038,-0.029832303695288977
2019-02-19 16:00:00,0.0,829861.4149624427,-0.1851170343212901,461067.78569057526,0.0022904952921054544
2019-02-20 16:00:00,-0.03653681743355908,799540.9199488049,-0.21489026446801032,451934.98385902063,-0.016728880043451032
2019-02-21 16:00:00,0.003793052294346122,802573.6204696402,-0.21191230218433732,454692.7353990677,-0.0023090456589897725
2019-02-22 16:00:00,-0.011735034523769894,793155.391325562,-0.22116053852596243,451377.585355025,-0.004444066830756132
2019-02-23 16:00:00,-0.08271884999485646,727546.4894878912,-0.2855852431097081,423999.38188405696,-0.02206408033137368
2019-02-24 16:00:00,-0.00035158798108436695,727290.6928865071,-0.28583642275174004,436378.1630229104,-0.029546869077599004
2019-02-25 16:00:00,0.0,727290.6928865071,-0.28583642275174004,438043.3880486438,-0.0038160136478826876
2019-02-26 16:00:00,0.0,727290.6928865071,-0.28583642275174004,433002.0310071001,0.011508807527038778
2019-02-27 16:00:00,0.0058664953069424985,731557.3403231087,-0.28164678547742394,432148.90714778175,0.007836749019919487
2019-02-28 16:00:00,-0.006120928568666306,727079.5300991074,-0.2860437741905885,439109.5802097727,-0.022228045691631858
2019-03-01 16:00:00,-0.012647283883811644,717883.9488758356,-0.2950733812590149,433381.62067891954,0.00039720384546264656
2019-03-02 16:00:00,-0.004171512326272775,714889.2871342667,-0.2980139913382107,431002.3586689803,0.0013184805493180905
2019-03-03 16:00:00,-0.02937615448849118,693888.5889932432,-0.3186356407774187,416657.22989759094,0.003907024786188318
2019-03-04 16:00:00,0.022202563371156225,709294.6943628878,-0.30350760541293215,441752.3392231634,-0.038027063105601534
2019-03-05 16:00:00,0.00456825154102436,712534.9309434515,-0.300325852958048,452579.3215565453,-0.019940916542661658
2019-03-06 16:00:00,0.012155931743783155,721196.4569290613,-0.2918206617837163,456757.1946026847,0.002924681337179224
2019-03-07 16:00:00,0.0014500617614989775,722242.2363337827,-0.2907937580050852,469053.1741123235,-0.025470104258730995
2019-03-08 16:00:00,0.013631147587495063,732087.2268511709,-0.2811264630504799,466806.92461326515,0.018420049194033304
2019-03-09 16:00:00,-0.013128101614146681,722476.3113466499,-0.2905639078912742,474305.8171481174,-0.029192328898403376
2019-03-10 16:00:00,-0.01948270374604555,708400.5194091473,-0.3043856411005808,457601.20491757896,0.015736371429922416
2019-03-11 16:00:00,0.010652750715989034,715946.9335494902,-0.2969754347407627,463918.6567515349,-0.003152833198707716
2019-03-12 16:00:00,-0.0016457275623118495,714768.6799477951,-0.29813242164479214,461777.11288428045,0.002970477964428531
2019-03-13 16:00:00,0.004118526489347296,717712.473689916,-0.29524176143132214,464943.20680615574,-0.002737798420520377
2019-03-14 16:00:00,0.020607384329598633,732502.6504733909,-0.2807185375496865,473819.82732101664,0.0015155460471613091
2019-03-15 16:00:00,0.02055495834935228,747559.2119446616,-0.2659337370475592,478266.71008703974,0.011169781728175687
2019-03-16 16:00:00,0.001261764346348615,748502.4555050778,-0.26500751840910836,478075.11303071945,0.0016623714809856915
2019-03-17 16:00:00,-0.00942903711983778,741444.7980678307,-0.2719377898008306,473920.9475054995,-0.0007396797113649496
2019-03-18 16:00:00,0.002810509819968887,743528.6359537652,-0.26989156380951757,473714.7459815147,0.00324560669650531
2019-03-19 16:00:00,0.007150308427101848,748845.095025217,-0.26467106330552653,477100.7763586319,2.4828509705976387e-06
2019-03-20 16:00:00,-0.00797488741536978,742873.1397008391,-0.27053522878892855,465242.414548499,0.01688015872527864
2019-03-21 16:00:00,0.0034764129340523198,745455.673492055,-0.2679993080233549,472068.8712256224,-0.01119648975851124
2019-03-22 16:00:00,0.007717598095914768,751208.8007783862,-0.2623500208767477,471787.0904519697,0.008314504163711956
2019-03-23 16:00:00,-0.006110783081009874,746618.3267482839,-0.2668576398888813,468921.2042553873,-3.625019407371699e-05
2019-03-24 16:00:00,-0.004580414108161679,743198.505631034,-0.2702157354984252,461634.8758716572,0.010958077897761287
2019-03-25 16:00:00,-0.0009440364855788363,742496.8991256907,-0.270904678470716,460663.2300415272,0.0011607564599180886
2019-03-26 16:00:00,0.012731021316238156,751949.6429757006,-0.2616225503907572,473871.7191588042,-0.01594174493881173
2019-03-27 16:00:00,-0.0018880294893091065,750529.939875287,-0.26301662878986026,481066.2103906129,-0.017070389906554562
2019-03-28 16:00:00,0.0019813369930663516,752016.9926095658,-0.2615564163732068,484659.3596767416,-0.005487799704793117
2019-03-29 16:00:00,-0.003293364084083983,749540.3268554846,-0.2639883799496456,483240.244353621,-0.00036529657690294055
2019-03-30 16:00:00,-0.0010376340815047014,748762.5782668772,-0.2647520906909933,487834.42946305964,-0.010544675688901873
2019-03-31 16:00:00,0.0011291992866748757,749608.080436145,-0.26392184927627244,491147.3959124812,-0.005661970522860704
2019-04-01 16:00:00,0.05067942283429794,787597.7853045748,-0.22661783343665656,551620.6763902388,-0.07244711917944305
2019-04-02 16:00:00,0.07904800735037898,849855.820826473,-0.16548351424950541,599226.2713330886,-0.007253317056778702
2019-04-03 16:00:00,-0.013410741750167432,838458.6238884926,-0.17667499932616254,582423.6052553761,0.01462986141019118
2019-04-04 16:00:00,0.0071560397793608566,844458.6671543868,-0.1707832528699983,590238.8871623195,-0.006262513034130812
2019-04-05 16:00:00,0.053708090853077595,889812.9299715833,-0.12624760447824676,609484.3281918159,0.021101901311717096
2019-04-06 16:00:00,-0.020441684962219986,871623.6543817943,-0.1441085756824875,603913.6087085846,-0.01130163127165471
2019-04-07 16:00:00,0.011657626100147533,881784.7170446214,-0.1341309134754713,608954.6771507091,0.0033102923599716456
2019-04-08 16:00:00,-0.016448130714527,867281.0067565992,-0.14837284139229487,592909.824420143,0.009900057964538078
2019-04-09 16:00:00,0.01712266235922333,882131.1666058596,-0.1337907170995105,600667.690261132,0.004038268204385399
2019-04-10 16:00:00,-0.08323644008729769,808705.708607533,-0.20589089417871814,548498.719001373,0.0036151953603807963
2019-04-11 16:00:00,0.004268127213928219,812157.3674504999,-0.20250153549333416,556617.6074646024,-0.010533891791715221
2019-04-12 16:00:00,-0.0011119133970735051,811254.3187930997,-0.20338828472016468,559491.2625430468,-0.006274623020173409
2019-04-13 16:00:00,0.0010574727802683537,812112.1981530986,-0.20254588951481337,560722.4250203616,-0.0011430307123487362
2019-04-14 16:00:00,0.010561402248021379,820689.2417483183,-0.19412365587964123,565922.7875318124,0.001287005007243703
2019-04-15 16:00:00,-0.015007972099934985,808372.3605054427,-0.20621822556819722,557136.8208010838,0.0005170552082024889
2019-04-16 16:00:00,0.023438857707247296,827319.6852378014,-0.18761288750668392,561862.5980023739,0.01495660159914256
2019-04-17 16:00:00,0.01292409062554789,838012.0398261145,-0.17711352284179308,576913.8756661323,-0.013864091604896121
2019-04-18 16:00:00,0.0026890303312452346,840265.4796191556,-0.17490075614554315,581081.9468781266,-0.004535741662982961
2019-04-19 16:00:00,0.002084090096424518,842016.6685835974,-0.17318117498285862,576063.5653483924,0.010720361721615456
2019-04-20 16:00:00,-0.009828491532647643,833740.9148860753,-0.1813075568035733,555521.8687694151,0.02583024096600297
2019-04-21 16:00:00,0.005661228202453961,838460.9124669682,-0.1766727520550137,562464.9381270227,-0.006837054489796967
2019-04-22 16:00:00,0.024310096599102327,858843.9782436116,-0.15665758712479802,570538.0223878986,0.009957052144884581
2019-04-23 16:00:00,-0.0215008601377783,840378.0939872226,-0.17479017439228423,538017.9091503533,0.03549816878134158
2019-04-24 16:00:00,0.00026776665649075326,840603.1192196377,-0.1745692107163779,547880.4436385813,-0.018063471617348715
2019-04-25 16:00:00,-0.011272651624233632,831127.2931024306,-0.18387400444388832,526395.0424225272,0.02794284048817943
2019-04-26 16:00:00,-0.0002063271441137271,830955.8089816498,-0.18404239338978842,530158.0718598653,-0.007355006622590876
2019-04-27 16:00:00,0.004041225183160746,834313.8885230002,-0.18074492496156366,529518.1959119642,0.005248178320092989
2019-04-28 16:00:00,-0.007892738749150308,827728.8669661004,-0.1872110912377576,515320.80739442375,0.018919160496519337
2019-04-29 16:00:00,0.006122433910897618,832796.5822502425,-0.18223484486035021,537678.8937787944,-0.037264299292091206
2019-04-30 16:00:00,0.00331133189661581,835554.2481364403,-0.17952695301819535,539914.6426599072,-0.00084681696691864
2019-05-01 16:00:00,0.013114896976410106,846512.4560189516,-0.1687665335351076,547921.7542151018,-0.0017154316024692758
2019-05-02 16:00:00,0.020203874364128183,863615.2873280281,-0.15197239701139212,570496.2197308749,-0.020996288509694816
2019-05-03 16:00:00,-0.011035409605282376,854084.9388909797,-0.16133072896695716,559079.0492702221,0.008977291733980965
2019-05-04 16:00:00,0.009925450078653641,862562.1163148722,-0.1530065589848178,566550.9376977733,-0.003439186706259801
2019-05-05 16:00:00,-0.003008605308146506,859967.0073531212,-0.15555482794742131,577492.7083463335,-0.022321556572551814
2019-05-06 16:00:00,0.014120469888540876,872110.1455855896,-0.14363086532292912,585645.4649760936,2.9641401034560116e-06
2019-05-07 16:00:00,0.0026114221027071505,874387.593295767,-0.1413945240365572,587101.4853629479,0.00012524151405737252
2019-05-08 16:00:00,0.005909738578178114,879554.9953881472,-0.13632039013182115,594068.6226596355,-0.005957268183660403
2019-05-09 16:00:00,0.02244517954408276,899296.7651785291,-0.11693494621976647,617904.2666920788,-0.01767753208093374
2019-05-10 16:00:00,0.04179909292951356,936886.5542374373,-0.08002362797400063,676212.8841845143,-0.052566038751139826
2019-05-11 16:00:00,-0.0027848511477267524,934277.4646415794,-0.08258562522951873,644726.1454701914,0.043778501090518084
2019-05-12 16:00:00,0.06318366115655927,993308.5353937023,-0.024620026233863904,697762.6500390349,-0.019078404592557524
2019-05-13 16:00:00,0.011429886360794894,1004661.9390744601,-0.01347154397512176,760293.0014357312,-0.07818561741143785
2019-05-14 16:00:00,0.0021692348861956923,1006841.2868015333,-0.011331532032087909,805093.9496023862,-0.05675666352672324
2019-05-15 16:00:00,0.023463121494410988,1030464.9262393469,0.0,854161.2820754753,-0.03748297367537905
2019-05-16 16:00:00,-0.050278641065495844,978654.5500823761,-0.050278641065495816,758835.7277691114,0.06132271140360465
2019-05-17 16:00:00,0.037268628946167004,1015127.6633758742,-0.014883828137116322,782925.9283033141,0.005522363380858056
2019-05-18 16:00:00,0.09291342452416318,1109446.6509093386,0.0,849301.5835684662,0.008134452637262604
2019-05-19 16:00:00,-0.02172078205457828,1085348.602003755,-0.021720782054578305,825098.8795322534,0.0067764025786136925
2019-05-20 16:00:00,0.05314329514485139,1143027.6030950923,0.0,848756.1422729316,0.024471261613440553
2019-05-21 16:00:00,0.0942283025518933,1250733.153904702,0.0,887228.3207480952,0.04890058525003453
2019-05-22 16:00:00,-0.028441436743462,1215160.5060249707,-0.028441436743462056,854020.5431822762,0.008987234985387782
2019-05-23 16:00:00,0.016402139004757732,1235091.737557884,-0.012505798137665544,893275.6148337504,-0.029562881350842597
2019-05-24 16:00:00,-0.044175672011992684,1180530.7300548048,-0.05612901811288054,876848.9963551097,-0.025786478121708402
2019-05-25 16:00:00,0.00013604108895282074,1180691.3307408637,-0.0560006128766737,858306.681403886,0.021282572622090812
2019-05-26 16:00:00,0.06148617968255454,1253287.530052431,0.0,946378.7625713544,-0.04112525638760829
2019-05-27 16:00:00,-0.008690239265513378,1242396.161547791,-0.008690239265513405,965434.8409961478,-0.02882602334948541
2019-05-28 16:00:00,0.002498320918313368,1245500.065867018,-0.006213629353742303,972332.8859222488,-0.004646692533846109
2019-05-29 16:00:00,0.02134973670084772,1272091.1643341673,0.0,992556.3614182541,0.0005508150673131824
2019-05-30 16:00:00,-0.06699819641912874,1186863.3506430686,-0.06699819641912874,890734.1166198561,0.03558766042118719
2019-05-31 16:00:00,0.021167392066387736,1211986.152515357,-0.04724898144408564,910164.6789380684,-0.0006467070633807033
2019-06-01 16:00:00,0.01215551742923382,1226718.4713162472,-0.035667799832309034,930583.6326770621,-0.01027883342122702
2019-06-02 16:00:00,-0.019209623771273332,1203153.6710089906,-0.0541922585880546,905743.5973327123,0.007483340162436746
2019-06-03 16:00:00,-0.04844451598837918,1144867.4737573185,-0.10001145683881839,857172.5772070355,0.005181057814970316
2019-06-04 16:00:00,-0.01853315087796792,1123649.472130896,-0.11669108029766714,846054.7385749331,-0.005562788867171764
2019-06-05 16:00:00,-0.00028489161715528066,1123329.353815665,-0.11694272760424883,881796.3031906718,-0.0425298705601733
2019-06-06 16:00:00,0.0,1123329.353815665,-0.11694272760424883,924146.4450826666,-0.04802712569644032
2019-06-07 16:00:00,0.0,1123329.353815665,-0.11694272760424883,913355.2016760375,0.011676984166361048
2019-06-08 16:00:00,0.0,1123329.353815665,-0.11694272760424883,878415.3687349336,0.03825437559997271
2019-06-09 16:00:00,0.0,1123329.353815665,-0.11694272760424883,915473.0901098589,-0.04218701390470292
2019-06-10 16:00:00,0.0,1123329.353815665,-0.11694272760424883,906062.7085785245,0.010279255210226967
2019-06-11 16:00:00,0.0,1123329.353815665,-0.11694272760424883,956596.7789258739,-0.055773259255564825
2019-06-12 16:00:00,-0.036017200502333035,1082870.17524913,-0.14874797843916993,950271.0550358319,-0.029404462482093253
2019-06-13 16:00:00,0.16093826560509417,1257145.4231292093,-0.01174895449633972,1016044.1896004513,0.09172313565236787
2019-06-14 16:00:00,0.0575726229336091,1329522.5825477396,0.0,1061548.0115890035,0.012787344444446
2019-06-15 16:00:00,-0.01152849893595509,1314195.1828695098,-0.011528498935955046,1086127.1376479757,-0.03468253981836469
2019-06-16 16:00:00,0.08265492984942258,1422819.893518038,0.0,1111891.000646825,0.058934076087641854
2019-06-17 16:00:00,-0.02119268662035345,1392666.5173975057,-0.021192686620353417,1105100.1485857244,-0.015085206609138101
2019-06-18 16:00:00,0.015335137817501954,1414023.2503756168,-0.006182541572897781,1110770.11382033,0.010204412568879006
2019-06-19 16:00:00,-0.0429210921440909,1353331.828152358,-0.04883827228045366,1100421.824498988,-0.03360477259913071
2019-06-20 16:00:00,-0.011713550314482846,1337479.5076911044,-0.059979753035306956,1124976.0190927114,-0.03402698871334651
2019-06-21 16:00:00,0.04121214475197421,1392599.9067648696,-0.021239502547611377,1206566.5332413288,-0.031314302713474795
2019-06-22 16:00:00,0.029423606383367495,1433575.2182710334,0.0,1221700.1772041658,0.016880871651465325
2019-06-23 16:00:00,-0.014871268663058212,1412256.1360514225,-0.01487126866305826,1204774.4451756803,-0.0010170249260885496
2019-06-24 16:00:00,0.08897803707929941,1537915.9148904742,0.0,1253993.9816793213,0.04812430159318211
2019-06-25 16:00:00,-0.0026121358158857078,1533898.6696473681,-0.002612135815885704,1331478.9544294965,-0.0644026817692315
2019-06-26 16:00:00,0.016177015741752232,1558712.5725725065,0.0,1244557.6921885577,0.08145875523284488
2019-06-27 16:00:00,0.012955069696046095,1578905.8025862868,0.0,1237450.3762696267,0.018665786012003062
2019-06-28 16:00:00,0.4946316802262005,2359882.6326384395,0.0,1438571.560975085,0.3321029933694789
2019-06-29 16:00:00,-0.052478405749606494,2236039.75432139,-0.05247840574960654,1401309.1902618532,-0.026576065036034335
2019-06-30 16:00:00,-0.15143385979357704,1897427.62367262,-0.19596525800470727,1278647.4108405309,-0.06390015897027665
2019-07-01 16:00:00,-0.003456313332332095,1890869.519279785,-0.19874425400312382,1354050.1166888752,-0.062426992198977446
2019-07-02 16:00:00,0.0,1890869.519279785,-0.19874425400312382,1360858.3592243812,-0.005028058010256431
2019-07-03 16:00:00,4.399210090522132e-05,1890952.7026024759,-0.198709005079495,1348369.2936423512,0.009221336309708917
2019-07-04 16:00:00,-0.03025929467967725,1833733.8075490955,-0.2229555054189663,1328999.698541512,-0.0158940942912019
2019-07-05 16:00:00,-0.0006540965146666355,1832534.3686567512,-0.22346376751461264,1356750.3891947495,-0.021534982103799626
2019-07-06 16:00:00,0.0,1832534.3686567512,-0.22346376751461264,1322783.6567822876,0.025035358517657348
2019-07-07 16:00:00,0.0,1832534.3686567512,-0.22346376751461264,1358642.3433989922,-0.027108504427649116
2019-07-08 16:00:00,0.0,1832534.3686567512,-0.22346376751461264,1342398.9134839973,0.011955633499805218
2019-07-09 16:00:00,0.0,1832534.3686567512,-0.22346376751461264,1257604.3713783477,0.06316642635353291
2019-07-10 16:00:00,-0.07070166058048755,1702971.1457219035,-0.2783661686522451,1180548.00773383,-0.009429319772652087
2019-07-11 16:00:00,-0.001492072685419843,1700430.1889913138,-0.2794428987808739,1209822.2266026007,-0.026289216619418056
2019-07-12 16:00:00,-0.0058247502785668814,1690525.607774303,-0.28363996395692337,1222050.7840839904,-0.015932481160425338
2019-07-13 16:00:00,-0.08745585756828989,1542679.241005247,-0.3462898452367217,1086418.8485120418,0.023531293979273643
2019-07-14 16:00:00,-0.0008016838520998881,1541442.4999687634,-0.3468139141117491,1099591.1519277229,-0.012926200500280061
2019-07-15 16:00:00,0.0,1541442.4999687634,-0.3468139141117491,1058483.200051953,0.0373847605118524
2019-07-16 16:00:00,0.0,1541442.4999687634,-0.3468139141117491,1030142.5343827558,0.026774790254400216
2019-07-17 16:00:00,0.0,1541442.4999687634,-0.3468139141117491,1110179.403935055,-0.07769494694271226
2019-07-18 16:00:00,0.0,1541442.4999687634,-0.3468139141117491,1081064.769109584,0.026225162097471454
2019-07-19 16:00:00,0.0,1541442.4999687634,-0.3468139141117491,1114159.8937132414,-0.030613452171710787
2019-07-20 16:00:00,0.0,1541442.4999687634,-0.3468139141117491,1085656.5779400172,0.02558278747427296
2019-07-21 16:00:00,0.0,1541442.4999687634,-0.3468139141117491,1052340.0756187483,0.030687883257231506
2019-07-22 16:00:00,0.0,1541442.4999687634,-0.3468139141117491,1014729.1443421629,0.035740282203422916
2019-07-23 16:00:00,0.0,1541442.4999687634,-0.3468139141117491,1061009.8839563208,-0.04560895867848702
2019-07-24 16:00:00,0.0,1541442.4999687634,-0.3468139141117491,1055267.6526330472,0.005412043195923877
2019-07-25 16:00:00,0.0,1541442.4999687634,-0.3468139141117491,1040346.874401159,0.014139330618785407
2019-07-26 16:00:00,0.0,1541442.4999687634,-0.3468139141117491,996728.7877955221,0.04192648402076884
2019-07-27 16:00:00,0.0,1541442.4999687634,-0.3468139141117491,1001050.0562602777,-0.0043354506438136875
2019-07-28 16:00:00,0.0,1541442.4999687634,-0.3468139141117491,997612.4370978195,0.0034340132553415392
2019-07-29 16:00:00,0.0,1541442.4999687634,-0.3468139141117491,1012855.3481298418,-0.015279391540432185
2019-07-30 16:00:00,0.0,1541442.4999687634,-0.3468139141117491,1037181.9270836809,-0.024017821497172374
2019-07-31 16:00:00,0.0,1541442.4999687634,-0.3468139141117491,1028401.6191232066,0.008465542766602741
2019-08-01 16:00:00,0.0,1541442.4999687634,-0.3468139141117491,1048353.4341566558,-0.019400800876276113
2019-08-02 16:00:00,0.0,1541442.4999687634,-0.3468139141117491,1089848.445159719,-0.03958112755784855
2019-08-03 16:00:00,0.0,1541442.4999687634,-0.3468139141117491,1086291.8627375849,0.003263373396484459
2019-08-04 16:00:00,0.0,1541442.4999687634,-0.3468139141117491,1133754.566940867,-0.043692405173385615
2019-08-05 16:00:00,0.0,1541442.4999687634,-0.3468139141117491,1096451.2006897647,0.032902505832241614
2019-08-06 16:00:00,0.0,1541442.4999687634,-0.3468139141117491,1082200.2727817097,0.012997320718961158
2019-08-07 16:00:00,0.0,1541442.4999687634,-0.3468139141117491,1064360.996004356,0.01648426564474905
2019-08-08 16:00:00,0.0,1541442.4999687634,-0.3468139141117491,1028583.8039499302,0.033613775954525284
2019-08-09 16:00:00,0.0,1541442.4999687634,-0.3468139141117491,1022252.8208314527,0.006155048421106213
2019-08-10 16:00:00,0.0,1541442.4999687634,-0.3468139141117491,1048221.9581618266,-0.025403830443091267
2019-08-11 16:00:00,0.0,1541442.4999687634,-0.3468139141117491,1051305.112311948,-0.002941318034901741
2019-08-12 16:00:00,0.0,1541442.4999687634,-0.3468139141117491,1020975.7018631622,0.02884929417121136
2019-08-13 16:00:00,0.0,1541442.4999687634,-0.3468139141117491,1018200.3365132193,0.002718346131919058
2019-08-14 16:00:00,0.0,1541442.4999687634,-0.3468139141117491,946521.5459548851,0.07039753179005523
2019-08-15 16:00:00,0.0,1541442.4999687634,-0.3468139141117491,944352.3168657302,0.002291790502208202
2019-08-16 16:00:00,0.0,1541442.4999687634,-0.3468139141117491,944965.849594748,-0.0006496862643955437
2019-08-17 16:00:00,0.0,1541442.4999687634,-0.3468139141117491,983591.4698551567,-0.04087514937917969
2019-08-18 16:00:00,0.0,1541442.4999687634,-0.3468139141117491,1003859.0144129914,-0.020605653036843606
2019-08-19 16:00:00,0.0,1541442.4999687634,-0.3468139141117491,974373.5796487792,0.029372087455382157
2019-08-20 16:00:00,0.0,1541442.4999687634,-0.3468139141117491,915976.8022509101,0.0599326363291981
2019-08-21 16:00:00,0.0,1541442.4999687634,-0.3468139141117491,943432.6962274937,-0.029974442484912166
2019-08-22 16:00:00,0.0,1541442.4999687634,-0.3468139141117491,962787.3064039799,-0.020515093714558973
2019-08-23 16:00:00,0.0,1541442.4999687634,-0.3468139141117491,923900.2919243466,0.04039003653348594
2019-08-24 16:00:00,0.0,1541442.4999687634,-0.3468139141117491,922683.2712900537,0.0013172640434585992
2019-08-25 16:00:00,0.0,1541442.4999687634,-0.3468139141117491,928477.8557253472,-0.006280144677589727
2019-08-26 16:00:00,0.0,1541442.4999687634,-0.3468139141117491,932206.8775048478,-0.004016274331699221
2019-08-27 16:00:00,0.0,1541442.4999687634,-0.3468139141117491,917304.6715728509,0.01598594291846931
2019-08-28 16:00:00,0.0,1541442.4999687634,-0.3468139141117491,831815.8116623234,0.09319570973507037
2019-08-29 16:00:00,0.0,1541442.4999687634,-0.3468139141117491,842174.4994735485,-0.012453102797509863
2019-08-30 16:00:00,0.0,1541442.4999687634,-0.3468139141117491,833699.2299390202,0.010063555165617456
2019-08-31 16:00:00,0.0,1541442.4999687634,-0.3468139141117491,836880.1940316058,-0.00381548162497205
2019-09-01 16:00:00,0.0,1541442.4999687634,-0.3468139141117491,851319.6729296463,-0.017253937900572593
2019-09-02 16:00:00,0.0,1541442.4999687634,-0.3468139141117491,891290.7377685885,-0.04695188671182673
2019-09-03 16:00:00,0.0,1541442.4999687634,-0.3468139141117491,861174.7402043402,0.033789196148998425
2019-09-04 16:00:00,0.0,1541442.4999687634,-0.3468139141117491,858733.2208590439,0.0028351032970578725
2019-09-05 16:00:00,0.0,1541442.4999687634,-0.3468139141117491,874720.8426882209,-0.018617681767549986
2019-09-06 16:00:00,0.0,1541442.4999687634,-0.3468139141117491,866666.6521456542,0.00920772679637345
2019-09-07 16:00:00,0.0,1541442.4999687634,-0.3468139141117491,889967.6063532188,-0.026885716843814376
2019-09-08 16:00:00,0.0,1541442.4999687634,-0.3468139141117491,882775.3215139295,0.008081513066257285
2019-09-09 16:00:00,0.0,1541442.4999687634,-0.3468139141117491,875387.3754429943,0.008368999326199167
2019-09-10 16:00:00,0.0,1541442.4999687634,-0.3468139141117491,857152.3746936467,0.02083077876251027
2019-09-11 16:00:00,0.0,1541442.4999687634,-0.3468139141117491,865460.4046882511,-0.009692594035656588
2019-09-12 16:00:00,0.0,1541442.4999687634,-0.3468139141117491,852178.2844517471,0.015346883767939024
2019-09-13 16:00:00,0.0,1541442.4999687634,-0.3468139141117491,868019.5450435784,-0.01858913901100274
2019-09-14 16:00:00,0.0,1541442.4999687634,-0.3468139141117491,868177.1817683013,-0.0001816050406042713
2019-09-15 16:00:00,0.0,1541442.4999687634,-0.3468139141117491,859185.3420212495,0.01035714821338336
2019-09-16 16:00:00,0.0,1541442.4999687634,-0.3468139141117491,902938.9191524934,-0.05092449206397389
2019-09-17 16:00:00,0.0,1541442.4999687634,-0.3468139141117491,964197.191028873,-0.06784320686262715
2019-09-18 16:00:00,0.0,1541442.4999687634,-0.3468139141117491,937751.7539599724,0.02742741558983506
2019-09-19 16:00:00,0.0,1541442.4999687634,-0.3468139141117491,944659.5099212979,-0.007366294898575365
2019-09-20 16:00:00,0.0,1541442.4999687634,-0.3468139141117491,945927.9410043415,-0.0013427389125096
2019-09-21 16:00:00,0.0,1541442.4999687634,-0.3468139141117491,925430.5880260558,0.021669042735456622
2019-09-22 16:00:00,0.0,1541442.4999687634,-0.3468139141117491,926817.2217734109,-0.0014983660204195726
2019-09-23 16:00:00,0.0,1541442.4999687634,-0.3468139141117491,884917.8648005798,0.045207788535326456
2019-09-24 16:00:00,0.0,1541442.4999687634,-0.3468139141117491,770953.4311611516,0.12878532366968387
2019-09-25 16:00:00,0.0,1541442.4999687634,-0.3468139141117491,740815.0492107505,0.03909235075977169
2019-09-26 16:00:00,0.0,1541442.4999687634,-0.3468139141117491,749040.9655005977,-0.011103873090336025
2019-09-27 16:00:00,0.0,1541442.4999687634,-0.3468139141117491,763764.8508248,-0.019656982731728112
2019-09-28 16:00:00,0.0,1541442.4999687634,-0.3468139141117491,757902.8499594354,0.007675138308648366
2019-09-29 16:00:00,0.0,1541442.4999687634,-0.3468139141117491,799585.4073581375,-0.05499723005518864
2019-09-30 16:00:00,0.0,1541442.4999687634,-0.3468139141117491,808562.1803527097,-0.011226784420981328
2019-10-01 16:00:00,0.0,1541442.4999687634,-0.3468139141117491,809915.3962940171,-0.001673607762258933
2019-10-02 16:00:00,0.0,1541442.4999687634,-0.3468139141117491,797914.2321376259,0.01481779974958588
2019-10-03 16:00:00,0.0,1541442.4999687634,-0.3468139141117491,814637.8491428394,-0.020959166200621195
2019-10-04 16:00:00,0.0,1541442.4999687634,-0.3468139141117491,814927.9569571995,-0.00035611875223500177
2019-10-05 16:00:00,0.0,1541442.4999687634,-0.3468139141117491,821919.7477283796,-0.008579642791107834
2019-10-06 16:00:00,0.0,1541442.4999687634,-0.3468139141117491,873147.1763362845,-0.06232655773204989
2019-10-07 16:00:00,0.0,1541442.4999687634,-0.3468139141117491,880043.3672694569,-0.007898085363006846
2019-10-08 16:00:00,0.0,1541442.4999687634,-0.3468139141117491,922931.459940567,-0.04873406728145748
2019-10-09 16:00:00,0.0,1541442.4999687634,-0.3468139141117491,901319.4797647941,0.023416668640989503
2019-10-10 16:00:00,0.0,1541442.4999687634,-0.3468139141117491,899330.7866125694,0.002206424244534966
2019-10-11 16:00:00,0.0,1541442.4999687634,-0.3468139141117491,890380.1072143174,0.009952599790301586
2019-10-12 16:00:00,0.0,1541442.4999687634,-0.3468139141117491,894189.172907558,-0.004278022006980642
2019-10-13 16:00:00,0.0,1541442.4999687634,-0.3468139141117491,891194.0686501337,0.003349519708101023
2019-10-14 16:00:00,0.0,1541442.4999687634,-0.3468139141117491,891921.9703770014,-0.0008167712875047694
2019-10-15 16:00:00,0.0,1541442.4999687634,-0.3468139141117491,840684.9578534517,0.05744562217913814
2019-10-16 16:00:00,0.0,1541442.4999687634,-0.3468139141117491,877950.2860295179,-0.04432734025742158
2019-10-17 16:00:00,0.0,1541442.4999687634,-0.3468139141117491,855014.809507272,0.026123889800150634
2019-10-18 16:00:00,0.0,1541442.4999687634,-0.3468139141117491,859652.2561403088,-0.00542382024436443
2019-10-19 16:00:00,0.0,1541442.4999687634,-0.3468139141117491,862030.161534495,-0.0027661247640557774
2019-10-20 16:00:00,0.0,1541442.4999687634,-0.3468139141117491,879784.2971250274,-0.02059572435253121
2019-10-21 16:00:00,0.0,1541442.4999687634,-0.3468139141117491,898410.7421044984,-0.02117160426747646
2019-10-22 16:00:00,0.0,1541442.4999687634,-0.3468139141117491,811322.4401379587,0.0969359535511988
2019-10-23 16:00:00,0.0,1541442.4999687634,-0.3468139141117491,834039.5099734366,-0.02800005116537263
2019-10-24 16:00:00,0.0,1541442.4999687634,-0.3468139141117491,903689.5952974267,-0.08350933557836897
2019-10-25 16:00:00,0.0,1541442.4999687634,-0.3468139141117491,928647.4357894175,-0.027617713672775546
2019-10-26 16:00:00,0.0,1541442.4999687634,-0.3468139141117491,951731.1806343523,-0.024857382850911568
2019-10-27 16:00:00,0.0,1541442.4999687634,-0.3468139141117491,948818.5193270413,0.0030603823501607285
2019-10-28 16:00:00,0.0,1541442.4999687634,-0.3468139141117491,950981.5250793195,-0.002279683320064474
2019-10-29 16:00:00,0.0,1541442.4999687634,-0.3468139141117491,924965.1650500953,0.027357376923862108
2019-10-30 16:00:00,0.0034505536502265066,1546761.3300136449,-0.3445600604788102,930662.8770082704,-0.002709366932151935
2019-10-31 16:00:00,-0.0035897379335396717,1541208.8621931626,-0.34691291809286645,920509.2406711492,0.0073203741897258645
2019-11-01 16:00:00,0.01862265040196598,1569910.2560301977,-0.3347507056844697,941478.2875159283,-0.004157182671182237
2019-11-02 16:00:00,-0.012438010869620264,1550383.6952013657,-0.3430250836381735,929070.6230286029,0.0007409064265637474
2019-11-03 16:00:00,0.01944366553003518,1580528.837214081,-0.3302510831028113,956517.7023272685,-0.010098845683152426
2019-11-04 16:00:00,0.006444644959372248,1590714.7844179755,-0.32593478912148477,968699.0183397081,-0.00629042098117596
2019-11-05 16:00:00,-0.006459166567585717,1580440.0926638986,-0.3302886885959639,965934.8192072388,-0.0036056495513231424
2019-11-06 16:00:00,0.0025947311590537314,1584540.9098173515,-0.328550967788693,944713.2400218352,0.024564722056390507
2019-11-07 16:00:00,-0.007239748361370646,1573069.2323619765,-0.33341208981938875,920898.5233926175,0.017968659460528013
2019-11-08 16:00:00,0.03132348853148659,1622343.2484211014,-0.31253223105961875,937148.0879807676,0.013678151748573498
2019-11-09 16:00:00,-0.009824268936879599,1606404.9120406816,-0.31928609930712565,943300.5668660478,-0.016389377444475904
2019-11-10 16:00:00,-0.007142585427197812,1594931.0277257608,-0.32414815649430556,931421.4084142161,0.005450599469635331
2019-11-11 16:00:00,0.008041148640507423,1607756.1051910608,-0.3187135313617154,929165.8118022744,0.010462820068247058
2019-11-12 16:00:00,0.03357556639660464,1661737.4270504497,-0.2958389522988424,946158.7185916841,0.015287219393771069
2019-11-13 16:00:00,-0.0003594670781222886,1661140.0871529414,-0.296092075013187,941334.1576377702,0.004739636126353908
2019-11-14 16:00:00,0.0,1661140.0871529414,-0.296092075013187,909781.3361670516,0.03351925691286799
2019-11-15 16:00:00,0.0,1661140.0871529414,-0.296092075013187,920218.6527366888,-0.011472335334565287
2019-11-16 16:00:00,0.0,1661140.0871529414,-0.296092075013187,923577.2724436026,-0.0036498061595745313
2019-11-17 16:00:00,0.0,1661140.0871529414,-0.296092075013187,903145.3705935292,0.022122568906459316
2019-11-18 16:00:00,0.0,1661140.0871529414,-0.296092075013187,867688.5903552804,0.039259217167826786
2019-11-19 16:00:00,0.0,1661140.0871529414,-0.296092075013187,872619.8347523229,-0.005683196081929997
2019-11-20 16:00:00,0.0,1661140.0871529414,-0.296092075013187,816810.2353807336,0.06395637269399206
2019-11-21 16:00:00,0.0,1661140.0871529414,-0.296092075013187,762229.5598957515,0.06682173303024383
2019-11-22 16:00:00,0.0,1661140.0871529414,-0.296092075013187,777991.052023313,-0.020678143379426306
2019-11-23 16:00:00,0.0,1661140.0871529414,-0.296092075013187,732010.6635176854,0.0591014361746794
2019-11-24 16:00:00,0.0,1661140.0871529414,-0.296092075013187,755728.1600039253,-0.032400479485182966
2019-11-25 16:00:00,0.0,1661140.0871529414,-0.296092075013187,736038.8491271415,0.02605343021316222
2019-11-26 16:00:00,0.0,1661140.0871529414,-0.296092075013187,755335.3993157233,-0.02621675501431118
2019-11-27 16:00:00,0.0,1661140.0871529414,-0.296092075013187,768750.1679620123,-0.017760015826666798
2019-11-28 16:00:00,0.0,1661140.0871529414,-0.296092075013187,791428.5857861278,-0.02950037446396534
2019-11-29 16:00:00,0.0,1661140.0871529414,-0.296092075013187,762231.4029384685,0.036891746611171096
2019-11-30 16:00:00,0.0,1661140.0871529414,-0.296092075013187,748465.1928976596,0.018060407886291485
2019-12-01 16:00:00,0.0,1661140.0871529414,-0.296092075013187,736363.2293766891,0.01616903983753497
2019-12-02 16:00:00,0.0,1661140.0871529414,-0.296092075013187,743117.3314837501,-0.009172242498825112
2019-12-03 16:00:00,0.0,1661140.0871529414,-0.296092075013187,740714.4591109568,0.0032335033392312694
2019-12-04 16:00:00,0.0,1661140.0871529414,-0.296092075013187,720206.006367977,0.027687393557289285
2019-12-05 16:00:00,0.0,1661140.0871529414,-0.296092075013187,734784.0839273547,-0.02024153843550298
2019-12-06 16:00:00,0.0,1661140.0871529414,-0.296092075013187,740707.013887849,-0.008060776070212338
2019-12-07 16:00:00,0.0,1661140.0871529414,-0.296092075013187,749367.4956734105,-0.011692182770220948
2019-12-08 16:00:00,0.0,1661140.0871529414,-0.296092075013187,734945.2297607014,0.019245918719424316
2019-12-09 16:00:00,0.0,1661140.0871529414,-0.296092075013187,730297.4941767,0.006323921015875933
2019-12-10 16:00:00,0.0,1661140.0871529414,-0.296092075013187,727698.1538972964,0.0035592896047575316
2019-12-11 16:00:00,0.0,1661140.0871529414,-0.296092075013187,722484.1661072059,0.007165041936916072
2019-12-12 16:00:00,0.0,1661140.0871529414,-0.296092075013187,727168.1140014429,-0.006483114944199175
2019-12-13 16:00:00,0.0,1661140.0871529414,-0.296092075013187,708970.8618242549,0.025024821395224127
2019-12-14 16:00:00,0.0,1661140.0871529414,-0.296092075013187,717779.7636618027,-0.012424913789660885
2019-12-15 16:00:00,0.0,1661140.0871529414,-0.296092075013187,706801.0938075244,0.01529531816036427
2019-12-16 16:00:00,0.0,1661140.0871529414,-0.296092075013187,639390.8830219255,0.09537366506107299
2019-12-17 16:00:00,0.0,1661140.0871529414,-0.296092075013187,646713.5394043669,-0.011452550508434833
2019-12-18 16:00:00,0.0,1661140.0871529414,-0.296092075013187,653733.3721247581,-0.010854624640852118
2019-12-19 16:00:00,0.0,1661140.0871529414,-0.296092075013187,658692.1159144001,-0.00758526947083209
2019-12-20 16:00:00,0.0,1661140.0871529414,-0.296092075013187,661193.0939580966,-0.0037968847406418594
2019-12-21 16:00:00,0.0,1661140.0871529414,-0.296092075013187,668955.3395809631,-0.011739756046753947
2019-12-22 16:00:00,0.0,1661140.0871529414,-0.296092075013187,689517.5860827711,-0.030737846437832637
2019-12-23 16:00:00,0.0,1661140.0871529414,-0.296092075013187,659403.832519318,0.04367365556915333
2019-12-24 16:00:00,0.0,1661140.0871529414,-0.296092075013187,648809.8888828041,0.0160659418615126
2019-12-25 16:00:00,0.0,1661140.0871529414,-0.296092075013187,656001.6297996584,-0.011084511873328439
2019-12-26 16:00:00,0.0,1661140.0871529414,-0.296092075013187,665975.8402622974,-0.015204551344918115
2019-12-27 16:00:00,0.0,1661140.0871529414,-0.296092075013187,673315.9268238273,-0.011021550809769808
2019-12-28 16:00:00,0.0,1661140.0871529414,-0.296092075013187,680962.8806813773,-0.011357155761370863
2019-12-29 16:00:00,0.0,1661140.0871529414,-0.296092075013187,671065.7213085074,0.014534065884716974
2019-12-30 16:00:00,0.0,1661140.0871529414,-0.296092075013187,662479.1224061793,0.012795466419570856
2019-12-31 16:00:00,0.0,1661140.0871529414,-0.296092075013187,673024.6673926681,-0.015918305392306386
2020-01-01 16:00:00,0.0,1661140.0871529414,-0.296092075013187,659955.9026037515,0.019417958095868416
